product_id,brand,title,price,list_price,discount_pct,rating,review_count,category,size,url
B0C381B6B5,Safari,Safari Pentagon Hardside Small Cabin Luggage,3999,4699,14.9,3.8,59,Cabin,55cm,https://www.amazon.in/dp/B0C381B6B5
B4776CE822,Safari,Safari Thorium Sharp Anti-Scratch Trolley Bag,4099,5199,21.2,3.7,189,Medium,66cm,https://www.amazon.in/dp/B4776CE822
B78CFEE677,Safari,Safari Regloss Antiscratch Suitcase,2499,3299,24.2,3.9,40,Large,76cm,https://www.amazon.in/dp/B78CFEE677
B420E780CA,Safari,Safari Crypto 4W Spinner Trolley Bag,3599,4699,23.4,3.9,91,Cabin,55cm,https://www.amazon.in/dp/B420E780CA
B39898F91D,Safari,Safari Ray Polycarbonate Hardsided Cabin Luggage,4849,6499,25.4,3.9,171,Cabin,53cm,https://www.amazon.in/dp/B39898F91D
B4F9315E17,Safari,Safari Haze 8 Wheels Trolley Bag,1399,2099,33.3,3.7,121,Medium,65cm,https://www.amazon.in/dp/B4F9315E17
B0A318CA95,Safari,Safari Ozone Softside Spinner Suitcase,1599,2099,23.8,4.2,118,Large,77cm,https://www.amazon.in/dp/B0A318CA95
B84A775390,Safari,Safari Flo Secure 4W Trolley Bag,1999,2599,23.1,4.1,236,Cabin,55cm,https://www.amazon.in/dp/B84A775390
BD6A2E0D06,Safari,Safari Zen Polypropylene Hardsided Trolley,1999,3099,35.5,3.7,111,Medium,66cm,https://www.amazon.in/dp/BD6A2E0D06
B8A92F16C3,Safari,Safari Axis 4 Wheel Trolley Bag Set,2000,3099,35.5,4.1,164,Set,55+66+76cm,https://www.amazon.in/dp/B8A92F16C3
BCF28C6B65,Safari,Safari Pentagon 4W Spinner Medium,4499,6999,35.7,4.0,153,Medium,67cm,https://www.amazon.in/dp/BCF28C6B65
BE0EA7367F,Safari,Safari Thorium Printed Hardside Cabin,2799,3899,28.2,3.8,32,Cabin,55cm,https://www.amazon.in/dp/BE0EA7367F
B91271AA5C,Skybags,Skybags Neo Strolly Cabin Luggage,4800,6799,29.4,3.8,121,Cabin,55cm,https://www.amazon.in/dp/B91271AA5C
B590634F3D,Skybags,Skybags Trooper Polycarbonate Hardsided Suitcase,6000,7399,18.9,4.2,61,Medium,65cm,https://www.amazon.in/dp/B590634F3D
BE9AACBA56,Skybags,Skybags Cube 4W Spinner Large,2099,2699,22.2,4.0,89,Large,75cm,https://www.amazon.in/dp/BE9AACBA56
B6E6D088C5,Skybags,Skybags Zoom Ultra Trolley Bag,4699,5799,19.0,4.1,120,Cabin,55cm,https://www.amazon.in/dp/B6E6D088C5
BA614F2B42,Skybags,Skybags Stream Polycarbonate Hardcase,2200,3099,29.0,4.0,215,Medium,67cm,https://www.amazon.in/dp/BA614F2B42
BCFDA48FA6,Skybags,Skybags Beach 4 Wheel Trolley Bag,5199,7199,27.8,4.0,47,Cabin,55cm,https://www.amazon.in/dp/BCFDA48FA6
B656A00C3F,Skybags,Skybags Sonic Strolly Hardcase Luggage,2449,3699,33.8,3.9,195,Large,78cm,https://www.amazon.in/dp/B656A00C3F
B04E7EBCC4,Skybags,Skybags Ramp Cabin Polycarbonate Spinner,3200,4499,28.9,4.2,76,Cabin,55cm,https://www.amazon.in/dp/B04E7EBCC4
B9115C8EF5,Skybags,Skybags Trick 4W Strolly Medium,2749,3799,27.6,4.1,26,Medium,66cm,https://www.amazon.in/dp/B9115C8EF5
BC37D84A76,Skybags,Skybags Majestic Softsided Trolley Set,6499,8899,27.0,3.9,134,Set,55+66cm,https://www.amazon.in/dp/BC37D84A76
BD33B5463E,Skybags,Skybags Flashy Polycarbonate Cabin,6499,8299,21.7,4.1,78,Cabin,55cm,https://www.amazon.in/dp/BD33B5463E
B123E4A758,American Tourister,American Tourister Ivy Polypropylene Hardside Cabin,12349,17599,29.8,4.1,126,Cabin,55cm,https://www.amazon.in/dp/B123E4A758
B630890FAD,American Tourister,American Tourister Liftoff Spinner Medium,11149,15699,29.0,4.4,82,Medium,68cm,https://www.amazon.in/dp/B630890FAD
BE8E47B1D7,American Tourister,American Tourister Stratos Polycarbonate Hardshell,8299,11799,29.7,4.2,68,Large,77cm,https://www.amazon.in/dp/BE8E47B1D7
B751A278E1,American Tourister,American Tourister Instagon Spinner Trolley Bag,12749,20899,39.0,4.3,29,Cabin,55cm,https://www.amazon.in/dp/B751A278E1
B548BF203F,American Tourister,American Tourister Kamiliant Zakk Spinner,12699,20099,36.8,4.0,188,Medium,68cm,https://www.amazon.in/dp/B548BF203F
BD6581E74E,American Tourister,American Tourister Splash Voyage Hardside,7749,9999,22.5,4.4,157,Cabin,55cm,https://www.amazon.in/dp/BD6581E74E
BFAEB1981C,American Tourister,American Tourister Cascade Spinner Large,3949,5499,28.2,4.4,66,Large,76cm,https://www.amazon.in/dp/BFAEB1981C
B6E62FFB78,American Tourister,American Tourister Speedair Cabin 4W,11099,15699,29.3,4.2,88,Cabin,55cm,https://www.amazon.in/dp/B6E62FFB78
BC16645A77,American Tourister,American Tourister Jamaica Polypropylene Medium,6099,9699,37.1,4.0,84,Medium,66cm,https://www.amazon.in/dp/BC16645A77
B4693BD9F6,American Tourister,American Tourister Mighty Maze Spinner,5449,8399,35.1,4.1,157,Cabin,55cm,https://www.amazon.in/dp/B4693BD9F6
BAF58A1206,American Tourister,American Tourister Ga0 Armor Trolley Set,10199,16799,39.3,4.4,118,Set,55+68cm,https://www.amazon.in/dp/BAF58A1206
B6C585D0E9,American Tourister,American Tourister Fornax Spinner Hard Body,7099,9899,28.3,4.2,146,Large,77cm,https://www.amazon.in/dp/B6C585D0E9
BEEAC52961,American Tourister,American Tourister Linex Polypropylene Cabin,8299,11199,25.9,4.5,34,Cabin,55cm,https://www.amazon.in/dp/BEEAC52961
BFB409FDA5,VIP,VIP Outline 4W Cabin Trolley Bag,3349,4599,27.2,3.6,224,Cabin,55cm,https://www.amazon.in/dp/BFB409FDA5
BC7C7CF70F,VIP,VIP Zest Polycarbonate Hardside Medium,3999,5699,29.8,4.0,74,Medium,66cm,https://www.amazon.in/dp/BC7C7CF70F
BF71293BB8,VIP,VIP Xion Polycarbonate Hardshell Large,3400,4799,29.2,4.1,29,Large,75cm,https://www.amazon.in/dp/BF71293BB8
B43D1B648A,VIP,VIP Polaris Spinner Trolley Bag,5049,6399,21.1,3.6,46,Cabin,55cm,https://www.amazon.in/dp/B43D1B648A
B8A987173E,VIP,VIP Rush Polypropylene Hardsided Spinner,1599,1999,20.0,3.8,141,Medium,66cm,https://www.amazon.in/dp/B8A987173E
B410407D7D,VIP,VIP Drift Softside Cabin Luggage,3399,5199,34.6,4.0,40,Cabin,55cm,https://www.amazon.in/dp/B410407D7D
B3FF5E6DD0,VIP,VIP Pioneer Spinner Medium,1549,2299,32.6,3.7,137,Medium,67cm,https://www.amazon.in/dp/B3FF5E6DD0
BED2962697,VIP,VIP Zeal Polycarbonate Cabin 4W,1500,1899,21.0,3.7,19,Cabin,55cm,https://www.amazon.in/dp/BED2962697
B058CA466A,VIP,VIP Experia Hardsided Large Trolley,4949,6299,21.4,3.6,36,Large,76cm,https://www.amazon.in/dp/B058CA466A
B1BF83D3D2,VIP,VIP Track Polypropylene Spinner Set,2299,2899,20.7,3.7,68,Set,55+66+76cm,https://www.amazon.in/dp/B1BF83D3D2
B145916CFD,VIP,VIP Tide Cabin Trolley Bag,5399,7099,23.9,4.0,141,Cabin,55cm,https://www.amazon.in/dp/B145916CFD
BEEDDE4936,Aristocrat,Aristocrat Aston Polycarbonate Cabin Trolley,2149,2799,23.2,3.8,167,Cabin,55cm,https://www.amazon.in/dp/BEEDDE4936
B942B5AE28,Aristocrat,Aristocrat Harbour Medium Trolley Bag,2600,3299,21.2,3.9,244,Medium,65cm,https://www.amazon.in/dp/B942B5AE28
BB53BAB1B9,Aristocrat,Aristocrat Jude Polypropylene Large,2399,3499,31.4,3.5,195,Large,75cm,https://www.amazon.in/dp/BB53BAB1B9
BA5DCD1573,Aristocrat,Aristocrat Vigour Hardside Cabin 4W,3800,5499,30.9,3.6,99,Cabin,55cm,https://www.amazon.in/dp/BA5DCD1573
BBEC5594B1,Aristocrat,Aristocrat Crystal Spinner Medium,1399,1899,26.3,3.8,74,Medium,66cm,https://www.amazon.in/dp/BBEC5594B1
B91640B2DE,Aristocrat,Aristocrat Air Pro Cabin Trolley,3799,4799,20.8,3.5,187,Cabin,55cm,https://www.amazon.in/dp/B91640B2DE
B783A0E9E3,Aristocrat,Aristocrat Flow Softside Spinner Medium,1549,2099,26.2,3.8,57,Medium,66cm,https://www.amazon.in/dp/B783A0E9E3
B46A7BE6E5,Aristocrat,Aristocrat Photon Strolly Large,1699,2699,37.1,3.4,62,Large,76cm,https://www.amazon.in/dp/B46A7BE6E5
B2FF044EE5,Aristocrat,Aristocrat Warrior Hardcase Cabin,3299,4799,31.3,3.8,56,Cabin,55cm,https://www.amazon.in/dp/B2FF044EE5
B983261431,Aristocrat,Aristocrat Cargo Max Trolley Set,3099,3999,22.5,3.9,39,Set,55+66cm,https://www.amazon.in/dp/B983261431
B4A671E0A4,Aristocrat,Aristocrat Spark Polycarbonate Cabin,3100,4799,35.4,3.9,85,Cabin,55cm,https://www.amazon.in/dp/B4A671E0A4
BD5CF69178,Nasher Miles,Nasher Miles Lombard Hard-Sided Cabin Luggage,7000,10199,31.4,4.4,81,Cabin,55cm,https://www.amazon.in/dp/BD5CF69178
BDFFD1D48B,Nasher Miles,Nasher Miles Wall Street Hard-Sided Medium,5699,8999,36.7,4.1,65,Medium,65cm,https://www.amazon.in/dp/BDFFD1D48B
B65D869BAB,Nasher Miles,Nasher Miles Times Square Hardside Large,7099,10299,31.1,3.9,179,Large,75cm,https://www.amazon.in/dp/B65D869BAB
B3F64DDF09,Nasher Miles,Nasher Miles Fifth Avenue Polycarbonate Cabin,8299,12199,32.0,3.9,156,Cabin,55cm,https://www.amazon.in/dp/B3F64DDF09
B33DCEF80F,Nasher Miles,Nasher Miles Park Avenue Spinner Medium,4299,7399,41.9,4.3,145,Medium,67cm,https://www.amazon.in/dp/B33DCEF80F
B113DB3A12,Nasher Miles,Nasher Miles Broadway Hardcase Large,4300,5899,27.1,4.4,24,Large,76cm,https://www.amazon.in/dp/B113DB3A12
B17C9B6D0C,Nasher Miles,Nasher Miles Oxford Cabin Trolley 4W,4399,6699,34.3,4.2,172,Cabin,55cm,https://www.amazon.in/dp/B17C9B6D0C
B317B03B9C,Nasher Miles,Nasher Miles Bond Street Polycarbonate Medium,8100,13399,39.5,3.8,110,Medium,66cm,https://www.amazon.in/dp/B317B03B9C
BA201722F9,Nasher Miles,Nasher Miles Soho Hardside Cabin Spinner,3099,4699,34.0,4.3,247,Cabin,55cm,https://www.amazon.in/dp/BA201722F9
BA83D90250,Nasher Miles,Nasher Miles Central Park Trolley Set,5099,6899,26.1,4.3,67,Set,55+66+76cm,https://www.amazon.in/dp/BA83D90250
B588869907,Nasher Miles,Nasher Miles Hudson Polycarbonate Large,3999,6899,42.0,4.3,61,Large,78cm,https://www.amazon.in/dp/B588869907
